business_name,type,city,website,email,gbp_url,finding_1,finding_2,email_sent,sent_date,replied,converted,email_source
Gamma Dental Clinic,dentist,Brooklyn,gammadentalclinic.com,gammadental@gmail.com,,Yelp unclaimed 1 photo - GBP mirrors same gap,Missing cosmetic/implant secondary categories,yes,2026-04-02,,
ExcelPT Physical Therapy,PT,Brooklyn,excelptnyc.com,excelptservicespc@gmail.com,,Russian-speaking attribute not in GBP,Missing sports rehab and orthopedic secondary categories,yes,2026-04-02,,
NY Therapy and Wellness,PT/chiro,Brooklyn,nytherapyandwellness.com,Office@nytherapyandwellness.com,,Multiple specialties but single GBP category,Low review velocity vs area leaders,yes,2026-04-02,,
Irwin Kaufman CPA,accountant,Brooklyn,ikaufmancpa.com,irwin@ikaufmancpa.com,,GBP category likely only Accountant - invisible for tax/bookkeeping searches,Zero GBP posts - first to post owns the signal,yes,2026-04-02,,
Zell & Ettinger CPAs,accountant,Brooklyn,ze.cpa,main@zecpas.com,,Low review count vs map pack competitors,Missing secondary CPA categories,yes,2026-04-02,bounce-hard,
HVAC Brooklyn,HVAC,Brooklyn,hvac-brooklyn.com,info@hvac-brooklyn.com,,Missing Air Duct Cleaning secondary category,Low review count vs map pack leaders,yes,2026-04-02,,
AirCool HVAC,HVAC,Brooklyn/Queens,aircool-hvac.com,info@aircoolpro.com,,Missing Furnace Repair Service and Heating Contractor categories,Few photos vs pack competitors,yes,2026-04-02,,
Smile Dental Studio NYC,dentist,NYC,smiledentalstudio.nyc,info@smiledentalstudio.nyc,,Missing Cosmetic Dentist and Teeth Whitening secondary categories,Zero GBP posts,yes,2026-04-02,,
Bohm Law Firm,law firm,Brooklyn/Manhattan,bohmlawfirm.com,info@bohmlawfirm.com,,Single GBP category - missing Probate and Trust & Estate subcategories,No photos on listing,yes,2026-04-02,,
Regina Gordon Law,law firm,Brooklyn,reginagordonlaw.com,info@reginagordonlaw.com,,Missing Small Business Lawyer and Corporate Attorney secondary categories,Low review velocity vs area competitors,yes,2026-04-02,,
Smile by Design Dental,dentist,Brooklyn,smilebydesigndental.com,info@smilebydesigndental.com,,General Dentistry only - Cosmetic Dentist and Dental Implants categories missing,No Google posts vs active area competitors,yes,2026-04-07,,
Park Slope Dentistry,dentist,Brooklyn,parkslopedentistry.com,parkslopedentistry@gmail.com,,Missing Cosmetic Dentist and Teeth Whitening categories,No Google posts while nearby competitors post regularly,yes,2026-04-07,,
Em's Accounting Service,accountant,Brooklyn,emsaccounting.com,emsaccounting@gmail.com,,Listed as Accountant only - invisible for tax prep and bookkeeper searches,No Google posts - first mover advantage available,yes,2026-04-07,,
Taylor & Associates Law,law firm,Brooklyn,tnalaw.com,office@tnalaw.com,,Single category listing - invisible for immigration/estate/probate searches,Spanish-speaking attribute not set despite bilingual practice,yes,2026-04-07,,
Park Slope Kids Dental Care,dentist,Brooklyn,parkslopekidsdental.com,hello@pskdc.com,,Pediatric Dentist only - missing Orthodontist and related categories,Low review count vs area competitors,yes,2026-04-07,,
Dyker Heights Family Chiropractor,chiropractor,Brooklyn,dykerheightsfamilychiropractor.com,drjoechiro1@verizon.net,,Listed only as Chiropractor - invisible for sports/pediatric chiro searches,Very few photos vs map pack competitors,yes,2026-04-03,,
Richard J Girasole CPA,accountant,Brooklyn,rgirasolecpa.com,rgirasole@rgirasolecpa.com,,Single Accountant category - invisible for tax prep and bookkeeping searches,No recent posts on Google listing,yes,2026-04-03,,
Brooklyn CPA,accountant,Brooklyn,brooklyncpa.com,support@brooklyncpa.com,,Low review count vs map pack competitors,Missing secondary CPA categories (Tax Preparation etc),yes,2026-04-03,,
Family Cosmetic & Implants Dentistry of Brooklyn,dentist,Brooklyn,dentistinbrooklyn.com,smile@dentistinbrooklyn.com,,Cosmetic Dentist and Dental Implants not set as categories on listing,No recent posts vs area competitors,yes,2026-04-03,,
Well Adjusted NYC,chiropractor,Brooklyn,welladjustednyc.com,info@welladjustednyc.com,,Single Chiropractor category - missing massage therapy and prenatal care,Slow review velocity vs Crown Heights map pack leaders,yes,2026-04-03,,
Compassion Chiropractic,chiropractor,Brooklyn,compassionchiro.com,frontdesk.5422@gmail.com,,Single Chiropractor category - invisible for upper cervical and neck pain searches,No Google posts on listing,yes,2026-04-04,,
Brooklyn Chiropractic Studio,chiropractor,Brooklyn,brooklynchiropracticstudio.com,talk@brooklynchiropracticstudio.com,,Pediatric and prenatal specialties not set as categories on Google listing,Low review count vs area competitors,yes,2026-04-04,,
Community Chiropractic & Acupuncture of Park Slope,chiropractor,Brooklyn,parkslopechiropractor.com,ParkSlopeChiropractic@gmail.com,,Acupuncture not listed as separate category on Google listing,No Google posts on listing,yes,2026-04-04,,
Bunker & Co. CPA,accountant,Brooklyn,bunkercpa.com,info@bunker.cpa,,Listed only as Accountant - invisible for tax prep and bookkeeper searches,No Google posts - easy first-mover win,yes,2026-04-04,,
Bay Ridge Dental,dentist,Brooklyn,bayridgedental.com,info@bayridgedental.com,,Cosmetic Dentist and Emergency Dentist not set as categories on Google listing,No Google posts vs area competitors,yes,2026-04-04,,
Brooklyn Chiropractic Partners,chiropractor,Brooklyn,brooklynchiropracticpartners.com,info@brooklynchiropracticpartners.com,,No Google posts - active competitors in Bay Ridge are posting monthly,Missing Sports Chiropractor and Massage Therapist secondary categories,yes,2026-04-08,,
Cherny Law Office,law firm,Brooklyn,lawcherny.com,alex@lawcherny.com,,No Google posts - first immigration attorney to post dominates the activity signal,Missing Family Law Attorney and Divorce Lawyer secondary categories on listing,yes,2026-04-08,,
MEI CPA PC,accountant,Brooklyn,meicpa.com,info@meicpa.com,,No Google posts - first CPA on the block to post gets the active-business signal,Missing Tax Preparation Service and Bookkeeper secondary categories,yes,2026-04-08,,
Grand Street Dental,dentist,Brooklyn,grandstreetdental.com,hello@grandstreetdental.com,,Low photo count vs top-ranking Williamsburg dentists (50+ photos),Missing Cosmetic Dentist and Teeth Whitening Service categories on listing,yes,2026-04-08,,
Brooklyn Dental Collective,dentist,Brooklyn,brooklyndentalcollective.com,hello@brooklyndentalcollective.com,,No Google posts - nearby competitors posting monthly appear far more active to Google,Missing Invisalign Provider and Cosmetic Dentist categories on listing,yes,2026-04-08,,
Nasir Faizi CPA PLLC,accountant,Brooklyn,nasirfaizicpa.com,nasir.faizi@cpa.com,,Listed only as Accountant - invisible for tax preparation/bookkeeper/payroll searches on Coney Island Ave,No Google posts while nearby CPAs posting monthly get active-business signal,yes,2026-04-09,,
Inspira Physical Therapy and Pilates,PT,Brooklyn,brooklynphysicaltherapy.com,hello@inspirapt.com,,Only Physical Therapist category - invisible for Pilates studio/sports rehab/orthopedic searches,Slower review velocity than top 3 map pack competitors in Park Slope,yes,2026-04-09,,
Classic Home Services,HVAC,Brooklyn,heatingandcoolingnewyork.com,info@nyclassichomeservices.com,,Missing Furnace Repair Service/Air Duct Cleaning/Boiler Service categories on listing,No Google posts while top Brooklyn HVAC companies post monthly,yes,2026-04-09,,
LivingArt Dentistry,dentist,Brooklyn,livingartdentistry.com,Smile@LivingArtDentistry.com,,Missing Orthodontist and Teeth Whitening categories - invisible for those searches near Smith Street,Low photo count vs top 3 dental offices in the area,yes,2026-04-09,,
Bed-Stuy Dental Arts,dentist,Brooklyn,bedstuydentalarts.com,bedstuydentalarts@gmail.com,,Missing Cosmetic Dentist and Emergency Dentist categories despite offering those services,No Google posts while nearby dental offices posting monthly appear more active to Google,yes,2026-04-09,,
Brooklyn Health Physical Therapy,PT,Brooklyn,brooklynhealthpt.com,info@brooklynhealthpt.com,,Physical Therapist only - invisible for sports rehab/orthopedic PT/manual therapy searches in Park Slope,No Google posts while nearby PT offices posting monthly pick up engagement signal,yes,2026-04-10,,
StylexStrength,PT,Brooklyn,stylexstrength.com,contact@stylexstrength.com,,Physical Therapist only - invisible for massage therapy and personal training searches in Gowanus,No Google posts while PT studios nearby posting monthly rank above in local results,yes,2026-04-10,,
Smile With Us NY,dentist,Brooklyn,smilewithusny.com,mtorahdds@gmail.com,,General Dentist only - invisible for cosmetic dentist/dental implants/emergency dentist searches in Flatbush,No Google posts while nearby dental offices posting monthly appear more active to Google,yes,2026-04-10,,
Law Offices of Mark Bratkovsky,law firm,Brooklyn,mblawny.com,legal@mblawny.com,,Missing practice area categories - no Family Law Attorney/Real Estate Attorney/Criminal Defense on listing,Russian-speaking staff attribute not set despite bilingual practice on Coney Island Ave,yes,2026-04-10,,
HVAC NYC Pro,HVAC,Brooklyn,hvacnycpro.com,info@hvacnycpro.com,,Missing Furnace Repair Service/Air Duct Cleaning/Boiler Service categories on listing,No Google posts while top 3 Brooklyn HVAC companies post monthly and pick up active-business signal,yes,2026-04-10,,
Iryna Stepanchuk CPA,CPA,Brooklyn,stepanchukcpa.com,info@stepanchukcpa.com,,Zero Google posts - huge first-mover advantage for CPAs in Brooklyn,Missing Tax Preparation Service and Bookkeeper categories on listing,yes,2026-04-13,,
7500 Dental (Catherine Boulos DDS),dentist,Brooklyn,7500dental.com,office@7500dental.com,,Missing Cosmetic Dentist and Dental Implants categories - losing Bay Ridge searches,No language attributes set despite diverse Bay Ridge neighborhood,yes,2026-04-13,,
One Step Physical Therapy,PT,Brooklyn,onestepphysicaltherapy.com,info@onestepphysicaltherapy.com,,Missing Sports Rehabilitation and Orthopedic Physical Therapy categories,No Google posts while nearby PT offices posting monthly rank above in local results,yes,2026-04-13,,
Carroll Gardens Dental Arts,dentist,Brooklyn,cgdentalarts.com,info@cgdentalarts.com,,Missing Emergency Dentist and Teeth Whitening categories on listing,Very few photos vs top 3 ranking competitors on Court Street,yes,2026-04-13,,
Inspira Physical Therapy,PT,Brooklyn,brooklynphysicaltherapy.com,hello@inspirapt.com,,Missing Pilates Studio and Sports Rehabilitation categories despite offering both,No Google posts while PT practices nearby post monthly and rank higher,yes,2026-04-13,,,
A.DOUEK CPA P.C.,accountant,Brooklyn,adouekcpa.com,avi@adouekcpa.com,,Only listed as Accountant - missing Tax Preparation Service and Bookkeeper categories on listing,Zero Google posts while nearby CPAs posting monthly pick up the active-business signal,yes,2026-04-22,,,hunter
New Wave Dentistry,dentist,Brooklyn,newwavedentistry.com,nwd522@gmail.com,,Missing Cosmetic Dentist and Dental Implants categories - invisible for those searches in Bay Ridge,Very few photos vs top-ranking area dentists,yes,2026-04-22,,,scraped
Dental Arts of Brooklyn,dentist,Brooklyn,dentalartsbrooklyn.com,info@dentalartsbrooklyn.com,,Missing Emergency Dentist and Teeth Whitening Service categories on listing,No Google posts while nearby dental offices post monthly and rank higher,yes,2026-04-22,,,hunter
Park Slope Chiropractic,chiropractor,Brooklyn,parkslopechiro.com,info@parkslopechiro.com,,Only listed as Chiropractor - missing Sports Chiropractor and Pediatric Chiropractor categories,No Google posts while nearby chiropractors post monthly and rank higher in local results,yes,2026-04-22,,,hunter
Atlantic HVAC,HVAC,Brooklyn,atlantichvac.us,nick@atlantichvac.us,,Missing Furnace Repair Service and Air Duct Cleaning secondary categories on listing,Very few photos vs top Brooklyn HVAC companies that rank above in local results,yes,2026-04-22,,,hunter
Evolve Physical Therapy,PT,Brooklyn,evolveny.com,louis@evolveny.com,,Only listed as Physical Therapist - invisible for orthopedic rehab and sports rehab searches,Your listing has no Google posts while nearby PT clinics posting monthly rank above you in local results,yes,2026-04-24,,,hunter
CoveyLaw,law firm,Brooklyn,covey.law,amanda@covey.law,,Missing specific practice area categories - immigration specialists rank differently than general attorneys,Your listing has no Google posts - first law firm in a niche to post consistently owns the activity signal,yes,2026-04-24,,,hunter
Park Slope Dental Aesthetics,dentist,Brooklyn,parkslopedentalaesthetics.com,eric.steinbach@parkslopedentalaesthetics.com,,Missing Teeth Whitening and Veneers categories - losing searches for cosmetic procedures,Your listing has no Google posts while nearby dentists posting monthly appear more active to Google,yes,2026-04-24,,,hunter
Good Reps Physical Therapy,PT,Brooklyn,goodrepspt.com,lisa@goodrepspt.com,,Only listed as Physical Therapist - missing sports physical therapy and orthopedic rehab categories,Your listing has no Google posts - nearby PT clinics posting monthly rank above you in local search,yes,2026-04-24,,,hunter
Park Slope Orthodontics,dentist,Brooklyn,parkslopeortho.com,tatiana@parkslopeortho.com,,Missing treatment categories - Invisalign and clear aligner providers rank differently when those categories are set,Your listing has few photos compared to top-ranking Brooklyn orthodontists who have 40+ images,yes,2026-04-24,,,hunter
Brooklyn Chiropractic Care,chiropractor,Brooklyn,brooklynchirocare.com,hello@brooklynchirocare.com,,Listed only as Chiropractor - missing Sports Chiropractor and Massage Therapist categories,No Google posts while nearby chiropractors posting monthly appear more active,yes,2026-04-27,,hunter
Physio RX,PT,Brooklyn,physiorx.nyc,georgio@physiorx.nyc,,Listed as Physical Therapist only - missing Pilates Studio and Sports Rehabilitation categories,Very few photos compared to nearby PT practices in Park Slope,yes,2026-04-27,,hunter
TRIP Physical Therapy NYC,PT,Brooklyn,triptnyc.com,arkady@triptnyc.com,,Listed as Physical Therapist only - missing Pain Management Clinic and Sports Medicine Clinic categories,No Google posts while competing PT clinics posting monthly appear more active,yes,2026-04-27,,hunter
Envy Smile Dental Spa,dentist,Brooklyn,envysmile.com,drweiner@envysmile.com,,Missing Emergency Dentist and Teeth Whitening Service categories on listing,Very few photos despite having multiple specialist dentists on staff,yes,2026-04-27,,hunter
Gerstein's Tax Service,CPA,Brooklyn,gersteintaxservice.com,egerstein@gersteintaxservice.com,,Listed only as Tax Preparation Service/Accountant - missing Bookkeeper and Financial Planner categories,No Google posts while nearby CPAs posting monthly pick up active-business signal,yes,2026-04-27,,hunter
"Carone & Associates, PLLC",law firm,Brooklyn,caronelaw.com,acarone@caronelaw.com,,"Your Google listing is too broad for real estate, wills, trusts, and business law searches","Those core practice areas are clear on your site, but not carrying enough weight on Maps",,,,,hunter
Ice Age Mechanical Corp,HVAC,Brooklyn,iceagemechanical.net,nicolas@iceagemechanical.net,,"Your Google listing is too broad for ductless mini split and heat pump searches","Twenty four hour emergency service and financing are on your site, but not doing enough work on Maps",,,,,hunter
MR. AIR NYC,HVAC,Brooklyn,mrairnyc.com,george@mrairnyc.com,,"Your Google listing is leaving mini split and heat pump searches on the table","Brownstone and townhouse install work is a real differentiator, but it is not obvious on Maps",,,,,hunter
Roth & Company LLP,CPA,Brooklyn,rothcocpa.com,aroth@rothcocpa.com,,"Accountant alone misses tax prep, bookkeeping, and payroll searches","Your advisory work is strong on the site, but that value is not pulling through on Maps",,,,,hunter
Families First Chiropractic,chiropractor,Brooklyn,familiesfirstchiropractic.com,drmike@familiesfirstchiropractic.com,,"Your Google listing is missing pregnancy and pediatric chiropractor searches","Laser therapy and myofascial release are on your site, but not helping you win Maps traffic",,,,,hunter
Kornfeld Law Firm,law firm,Brooklyn,kornfeldlawfirm.com,jason@kornfeldlawfirm.com,,"Your Google listing is too broad for estate planning, elder law, and probate searches","Trust administration and real estate law are clear on your site, but that niche value is not pulling through on Maps",yes,2026-06-08,,,hunter
Farkas Law Firm,law firm,Brooklyn,farkaslawfirm.com,mfarkas@farkaslawfirm.com,,"Your Google listing is too broad for white collar, criminal defense, and securities matters","Former prosecutor and trial background are strong on your site, but they are not obvious on Maps",yes,2026-06-08,,,hunter
Liberty Law Firm,law firm,Brooklyn,libertylawny.com,sadaf@libertylawny.com,,"Your Google listing is too broad for immigration, real estate, family, and business law searches","Those practice areas are clear on your site, but they are not doing enough work for you on Maps",yes,2026-06-08,,,scraped
Schapira CPA,CPA,Brooklyn,schapiracpa.com,shragy@schapiracpa.com,,"Accountant alone misses tax planning, cash flow, and advisory searches from manufacturers","Your manufacturing focus is strong on the site, but that specialization is not pulling through on Maps",yes,2026-06-08,,,hunter
Martin Friedman CPA,CPA,Brooklyn,mfandco.com,sfogel@mfandco.com,,"Accountant alone misses health care reimbursement, audit, and consulting searches","Your health care focus is clear on the site, but that specialization is not carrying enough weight on Maps",yes,2026-06-08,,,hunter
Flower of Life Chiropractic,chiropractor,Brooklyn,folcny.com,info.folcny@gmail.com,,"Someone looking for pregnancy or pediatric chiropractic care might not quickly understand that is a big part of what you do","Your website makes your prenatal, pediatric, and family focus much clearer than your Google Maps page does",yes,2026-06-10,,,scraped
Brooklyn Queens HVAC,HVAC,Brooklyn,brooklynqueenshvac.com,brooklynqueenshvac@gmail.com,,"Someone looking for boiler work or air duct work might not quickly understand you handle both","Your website makes your heating, cooling, and duct work range much clearer than your Google Maps page does",yes,2026-06-10,,,scraped
Dubno & Goodman PLLC,law firm,Brooklyn,dubnogoodman.com,bobdubno@gmail.com,,"Someone looking for a real estate lawyer might not quickly understand how focused you are on property transactions","Your website makes your real estate work much clearer than your Google Maps page does",yes,2026-06-10,,,scraped
The Stein Law Firm,law firm,Brooklyn,lawyer4realestate.com,IreneSteinEsq@gmail.com,,"Someone looking for help with a co-op, condo, or home closing might not quickly understand how focused your practice is on that work","Your website makes your buyer, seller, and lender focus much clearer than your Google Maps page does",yes,2026-06-10,,,scraped
Mainline Partners Inc.,CPA,Brooklyn,mainlinepartners.com,info@mainlinepartners.com,,"Someone looking for payroll, bookkeeping, or tax problem help might not quickly understand you do all three","Your website makes your small business and tax resolution work much clearer than your Google Maps page does",yes,2026-06-10,,,scraped
"Brooklyn Integrative Health Care",chiropractor,Brooklyn,brooklyn-integrative.com,humlwellness@gmail.com,,"Someone looking for massage therapy or non-surgical back pain help might not quickly understand you offer both","Your website makes spinal decompression, whiplash, and injury treatment much clearer than your Google Maps page does",yes,2026-06-12,,,scraped
"Brownstone Heating & Air Conditioning",HVAC,Brooklyn,brownstoneheatingac.com,brownstonehvac@gmail.com,,"Someone looking for mini split help or same-day repair might not quickly understand that is a big part of what you do","Your website makes your older Brooklyn building experience and straightforward repair approach much clearer than your Google Maps page does",yes,2026-06-12,,,scraped
"CF Joseph, CPA, P.C.",CPA,Brooklyn,cpapen.com,info@cfjcpapc.com,,"Someone looking for bookkeeping or payroll help might not quickly understand you handle both","Your website makes your wider accounting, tax, and advisory work much clearer than your Google Maps page does",yes,2026-06-12,,,scraped
"Law Office of I. Vincent Eke-Nweke, P.C.",law firm,Brooklyn,vekenwekelaw.com,vekenweke@aol.com,,"Someone looking for help with civil rights, medical malpractice, or employment discrimination might not quickly understand you do that work","Your website makes those practice areas much clearer than your Google Maps page does",yes,2026-06-12,,,scraped
"Stanley Harris, DDS, PC",dentist,Brooklyn,dentalbrooklynheights.com,stanleyharrisdds@gmail.com,,"Someone looking for implants, dentures, or an emergency dentist might not quickly understand you offer all three","Your website does a much better job showing your restorative and cosmetic work than your Google Maps page does",yes,2026-06-12,,,scraped
